co.jarvis,34
com.conduit,47
tw.com,63
com.andromo,709
com.suolis,61
com.my,50
com.sharefaith,83
com.cook,35
com.appsmart,39
com.edugorilla,51
hr.apps,53
conversor.conversaotaxasbasico,67
com.free,39
air.com,336
com.mypthub,37
jp.co,297
com.apps,46
com.cymstudio,75
es.bandomovil,34
com.mobeasyapp,40
com.mobile,34
com.mobincube,81
com.phorest,124
com.customchurchapps,44
com.happydev4u,58
com.orderdirectly,41
nl.sitedish,39
com.delivery,44
com.appealqualiserve,37
com.trainerize,237
jp.digitallab,41
kr.co,152
com.relianceco,33
com.nineyi,43
net.jp,49
com.ionicframework,62
com.makeshop,68
com.phonegap,37
co.april2019,34
com.appswiz,117
com.radio,69
tr.com,39
io.kodular,163
com.foodbooking,35
uk.co,233
ie.flipdish,76
ru.myappbook,34
com.apusapps,35
com.subsplashconsulting,241
br.com,914
za.co,38
com.kkkeyboard,44
co.tapcart,65
com.blogspot,42
com.ikeyboard,179
events.socio,36
nz.co,34
co.nick,33
com.chownow,220
com.gmail,106
com.webradiocast,37
com.exlivinapps,59
com.appybuilder,61
com.Tobit,39
com.magzter,73
com.do_apps,39
com.game,49
land.dict,43
ar.com,40
co.thor,37
com.free074a81ba94cf6951221ca03606d56,72
digifit.android,49
io.pushpay,87
com.revesoft,34
com.app,868
com.graduway,37
com.echurchapps,75
com.jymstudio,80
com.goodbarber,103
com.apptegy,61
au.com,98
com.bhappdevelopment,111
com.newandromo,278
com.subsplash,71
com.DefaultCompany,46
net.ays,59
com.companyname,61
com.shoutcast,104
com.nupuit,43
com.fitnessmobileapps,163
id.co,34
com.thunkable,41
com.linguaapps,37
ru.FoodSoul,70
com.nobexinc,36
io.ionic,76
com.iwaiterapp,102
net.andromo,49
com.jb,46
com.wallpaper,34
